"Hạng","Sản phẩm","Shop","Shop Mall","Ngành","Lượt bán tăng","Giá","Đã bán 30 ngày","Hoa hồng %","Đánh giá","Link"
"1","[QUÀ TẶNG KHÔNG BÁN] Quần lót lẻ nữ Misaki đúc su lạnh mềm lưng cao không viền ôm sát che khuyết điểm - M1017","VERA Official Store","Có","Thời Trang Nữ","364","500000","7000","10","4.861111111111111","https://shopee.vn/product/13346195/24250248118"
"2","(Hàng Sẵn) Chân váy voan dài dáng đuôi cá hoạ tiết kẻ, chấm bi, hoa nhí hai lớp BIGO TOP","Bun222","","Thời Trang Nữ","261","155000","987","2","4.887218045112782","https://shopee.vn/product/1128390398/27295049353"
"3","VISECRETBRA Bra Nữ Áo Lót Nữ Cúp Ngang - Su Đúc Mềm Mại - Gom Nâng Quả Tạo Khe - Dây Vai Đính Đá -- A-VN260652","VISECRET_BRA","Có","Thời Trang Nữ","252","149000","1000","3","4.956204379562044","https://shopee.vn/product/1190625065/55817850464"
"4","[CÓ MÀU MỚI] Áo Hai Dây Basic Chiết Eo Vải Thun Cao Cấp Augety Studio MIRA TOP","AUGETY.ST","Có","Thời Trang Nữ","239","143910","10000","5","4.942563482466747","https://shopee.vn/product/425588274/29783681176"
"5","Áo sơ mi nữ BIGSIZE Banamo Fashion dáng suông cổ V nhún eo chất nhuyễn Hàn thanh lịch 3901","Banamo_Fashion","","Thời Trang Nữ","237","169000","557","2","4.9655172413793105","https://shopee.vn/product/315773333/46316661346"
"6","HL71 Set Bộ Nữ Áo Tay Dài Cổ Vuông Phối 2 Lớp Kèm Quần Ống Rộng Lưng Thun, Form Rộng Tôn Dáng Phong Cách Hàn Quốc","HerlaFashion","","Thời Trang Nữ","183","189000","93","8","4.928571428571429","https://shopee.vn/product/1236613611/46467811287"
"7","Chân váy xòe bồng 2 phiên bản 75cm - 85cm (Có túi, khóa kéo sau)","titistore995","","Thời Trang Nữ","178","179000","3000","7","4.87910447761194","https://shopee.vn/product/1424777520/26520354760"
"8","Áo babydoll Nữ Áo Bí Cổ Sen Dễ Thương [FREESHIP]🌸Áo Kiểu Nữ Tay Phồng Phong Cách Ulzzang🌸","HONEYBOMBER STORE","","Thời Trang Nữ","166","45000","1000","2","4.736224028906956","https://shopee.vn/product/266031241/54110055343"
"9","[Deal Mở Bán] Quần Kaki Nữ Ống Rộng Cạp Chun Form Suông Dài 95cm/100cm, Chất Kaki Cotton Mềm Mặc Đi Học Đi Chơi","Anna Store 98","","Thời Trang Nữ","163","119000","1000","5","4.7925","https://shopee.vn/product/1234838982/52160630306"
"10","Calem.Club - Áo len dệt kim tay ngắn COLORWAY KNIT thêu chữ co giãn mềm mại tay raglan mặc hằng ngày","CALEM.CLUB","Có","Thời Trang Nữ","163","200001","1000","5","4.966269841269841","https://shopee.vn/product/10909571/53562839639"
"11","Áo Sơ Mi Đũi Cổ Tròn Tay Bo Gấu Milasu Áo Kiểu Dài Tay Mềm Mịn Nhiều Khuy 563","MILASU STORE","","Thời Trang Nữ","162","179000","105","12","4.833333333333333","https://shopee.vn/product/194770557/44817444850"
"12","[CÓ MÀU MỚI] Áo Thun Tay Lửng Cổ Tròn Rộng Chiết Eo Vải Cao Cấp Augety Studio, LANI Top","AUGETY.ST","Có","Thời Trang Nữ","155","259000","10000","5","4.91754756871036","https://shopee.vn/product/425588274/40828385020"
"13","Bra Áo Lót Su Mút Mỏng Không Gọng Unilove Tàng Hình Không Lộ Viền Áo Ngực Áo Dài Nâng Tự Nhiên 6808","UniLove-SP","","Thời Trang Nữ","150","111413","2000","10","4.894179894179894","https://shopee.vn/product/1670091557/53351535107"
"14","Áo chống nắng su lạnh 5D Enade  UPF 50+ Bảo Vệ Da UVF 95%","ENADE","","Thời Trang Nữ","148","259000","200000","3.3","4.905479588781316","https://shopee.vn/product/993620777/27651438199"
"15","[Quà Tặng] 1 Sticker [KHÔNG BÁN] cho Áo Len Nữ Dệt Kim Áo Len Mềm Mịn Phong Cách Trẻ Basic","thoitrang_queenstore","","Thời Trang Nữ","147","300000","569","5","4.875","https://shopee.vn/product/254781229/41534709989"
"16","Calem.Club - Áo khoác nỉ Hoodie zip ChillPop chất vải nỉ 2 da có túi trong Boxy form rộng unisex nam nữ -có kèm ghim cài","CALEM.CLUB","Có","Thời Trang Nữ","147","250000","598","5","4.90398773006135","https://shopee.vn/product/10909571/27688062956"
"17","Calem.Club - Áo khoác Cardigan SIMPLE Ver 1 chất len mịn Premium form unisex nam nữ thu đông phong cách hàn quốc","CALEM.CLUB","Có","Thời Trang Nữ","135","250000","5000","5","4.9560276679841895","https://shopee.vn/product/10909571/28022517081"
"18","NATURY Quần định hình dành cho nữ, được sản xuất bởi  cạp cao, giúp kiểm soát vòng bụng, tạo dáng và làm thon gọn, thoải","NATURINO","Có","Thời Trang Nữ","130","79000","2000","8","4.855434782608696","https://shopee.vn/product/1670115736/47652631137"
"19","[ĐÃ CÓ FORM NGẮN] Quần Legging Ống Loe Cạp Cao Nâng Mông Chiết Eo Augety Studio, AERÉ Basic Flared Leggings","AUGETY.ST","Có","Thời Trang Nữ","128","319000","3000","5","4.946040034812881","https://shopee.vn/product/425588274/46907818166"
"20","TENDRE - Quần Jeans Nữ Ống Đứng Cạp Vừa Tôn Dáng, Quần Denim Co Giãn Basic Thanh Lịch Style Hàn Quốc J05","TENDRE.","","Thời Trang Nữ","124","339000","138","9","4.2727272727272725","https://shopee.vn/product/1467895799/53866650885"
"21","Áo thun nữ form ôm Babytee Midmx Áo Thun Nữ Ôm nữ Ôm Body Cổ Tròn Basic","Midmx Store","","Thời Trang Nữ","114","153999","822","15","4.757462686567164","https://shopee.vn/product/1667683307/55461744961"
"22","[Quà Tặng] 1 hotrokhachhang [KHÔNG BÁN] cho Quần Jean Lửng Nữ J89 Dáng Balloon Wash Xanh, Lưng Thun Sau Co Dãn,","thoitrang_queenstore","","Thời Trang Nữ","111","339000","242","5","4.833333333333333","https://shopee.vn/product/254781229/54818335481"
"23","(Quà tăng Chun buộc tóc) Set áo 2 dây nữ phối cardigan mix chân váy chấm bi nhỏ nàng thơ đi chơi dạo phố xinh xắn","MOCHI TREND","","Thời Trang Nữ","110","380000","104","4","4.888888888888889","https://shopee.vn/product/800694059/54367990491"
"24","THE QUẠO - Quần Jean Nữ Lưng Cực Thấp Ống Suông Loe R2511_730","THE QUẠO","Có","Thời Trang Nữ","106","239000","7000","2","4.908157894736842","https://shopee.vn/product/118292728/55502052593"
"25","[SabinaxTê Linh] Áo Lót Không Viền May Không Gọng Mút Dày Vừa Soft Doomm By Sabina NBH23002 (Giống SBXH6001)","Sabina Việt Nam","Có","Thời Trang Nữ","102","259000","739","4","4.7841860465116275","https://shopee.vn/product/58542133/20484808388"
"26","Áo Dài Linh Lan - Dáng Xuông, Tay Loe Dài Với Thiết Kế 2 Tà -Chất Liệu Tơ Tencel- Mặc Lễ ,Tết,Dặm Ngõ","Thu Thảo -Tiệm Áo Dài Việt","","Thời Trang Nữ","102","399000","117","2","4.9523809523809526","https://shopee.vn/product/934236769/49418064876"
"27","Calem.Club - Quần Short Jean Lửng ống rộng form unisex nam nữ Menswear quần short nữ","CALEM.CLUB","Có","Thời Trang Nữ","96","170000","3000","5","4.927069083447332","https://shopee.vn/product/10909571/16498999007"
"28","[Quà Tặng] 1 sticker [KHÔNG BÁN] Cho Quần Jean Lửng Nữ J89 Dáng Balloon Wash Xanh, Lưng Thun Sau Co Dãn, Gấu Rút Dây","Maroon Boutique","","Thời Trang Nữ","95","339000","290","6","5","https://shopee.vn/product/294219446/51068306918"
"29","Bra Ren Cao Cấp VIKAM Có Gọng Đệm Mỏng 0.5cm Nữ Mặc Phối Nhiều Phong Cách, Áo Lót Nữ Ren Cá Tính - VKB034","VIKAM - Nội Y Quyến Rũ","Có","Thời Trang Nữ","92","189000","1000","12","4.9","https://shopee.vn/product/1381248445/45361154199"
"30","Quần Short Jeans lửng wash cạp thấp ống rộng (6006)","Shiri House","","Thời Trang Nữ","87","249000","8000","5","4.939914163090129","https://shopee.vn/product/181156258/46109901656"
"31","[Deal mở bán] Quần kaki thun hè ống rộng tôn dánh hot trend 2026","Xưởng May Thời Trang Nữ 94","","Thời Trang Nữ","85","62558","6000","10","4.88243626062323","https://shopee.vn/product/1469056936/52610531232"
"32","[AGUJA x WynAnh] Đầm jean hai dây Jeanie Dress form chiết eo tôn dáng thiết kế Aguja","AGUJA","","Thời Trang Nữ","84","505000","116","3","5","https://shopee.vn/product/701699084/56467971188"
"33","[ANNI.studio] Áo Thun Lạnh Fit Eo Tay Dài","ANNI.studio","","Thời Trang Nữ","84","181300","99","10","5","https://shopee.vn/product/1487266525/45417414442"
"34","[Quà Tặng] 1 sticker [KHÔNG BÁN] Cho Quần Jean Lửng Nữ J89 Dáng Balloon Wash Xanh Hack Dáng,  Gấu Rút Dây Trẻ Trung Hiện","thoitrang.lapstore","","Thời Trang Nữ","81","339000","857","8","4.951219512195122","https://shopee.vn/product/727267420/57717147883"
"35","[Quà Tặng] 1 Thucamon [KHÔNG BÁN] cho Áo Len Polo Ngắn Tay Chất Dệt Kim HT86 Phối Viền Tay Trẻ Trung Áo Len Mềm Mịn","Pink_Studio","","Thời Trang Nữ","81","350000","242","5","4.91044776119403","https://shopee.vn/product/1348518803/51567981675"
"36","[Quà Tặng] 1 thucamon [KHÔNG BÁN] cho Áo Hoodie Zip Nỉ Phong Cách Trẻ Trung Màu Sắc Basic","Maroon Boutique","","Thời Trang Nữ","80","300000","246","6","5","https://shopee.vn/product/294219446/52518296937"
"37","[CÓ MÀU MỚI] Áo Ba Lỗ Ôm Cổ Vuông Chiết Eo Vải Thun Cao Cấp Augety Studio HARPER Tanktop","AUGETY.ST","Có","Thời Trang Nữ","77","219000","3000","5","4.931407359586831","https://shopee.vn/product/425588274/29671917522"
"38","Áo Khoác Kaki Nữ 2 Lớp Cổ Tàu , Áo Khoác Bomber Mặc 4 Mùa Đi Chơi Chất Dày Dặn Form Dáng Rộng DG129","DiGi Boutique","","Thời Trang Nữ","76","123000","333","7","4.754716981132075","https://shopee.vn/product/1469923673/46415693840"
"39","Áo cổ yếm nữ chấm bi dáng bí phồng dễ thương, áo yếm nữ lụa chấm bi đi chơi chụp ảnh siêu xinh","Petit  Fashion","","Thời Trang Nữ","75","200000","102","3","4.538461538461538","https://shopee.vn/product/1493228611/55963324554"
"40","Áo thun tay dài longtee nàng tiên cá - phối chữ in phồng nam nữ, chất vải cotton 2 chiều dày mịn - repsaigon","repsaigon.moi","","Thời Trang Nữ","75","299000","265","5","5","https://shopee.vn/product/1563565894/45567815115"
"41","Quần tây công sở ống suông ly to Retrostyle chất GOLD ống rộng dài chùm phủ chân mềm mát chuẩn form đi làm đi học","EMIX.VN","","Thời Trang Nữ","75","160177","1000","2","4.8474652310453115","https://shopee.vn/product/108305194/24028421891"
"42","Áo Len Dệt Kim Phối Tiêu Mix Thun Viền Ren A1008 Su Chang Thời Trang Nữ","SU CHANG","","Thời Trang Nữ","75","168000","12","10.01","5","https://shopee.vn/product/13517648/58167956073"
"43","[AGUJA x WynAnh] Váy trễ vai tiểu thư Peoly dress tay phồng phối nơ nhỏ thiết kế Aguja","AGUJA","","Thời Trang Nữ","75","506000","50","3","5","https://shopee.vn/product/701699084/57418097715"
"44","Áo Lót Nữ Cổ Vuông  Cúp Ngang Bảng Hở Lưng Bra Da Beo Đa Năng Cho Quả Nhỏ Thiết Kế Dây Mảnh Đính Hột -- VN260653","VISECRET_BRA","Có","Thời Trang Nữ","74","159000","2000","3","4.794117647058823","https://shopee.vn/product/1190625065/44565850577"
"45","[CÓ MÀU MỚI] Áo Thun Ôm Chiết Eo Trễ Ngang Vai Augety Studio RACHEL TOP","AUGETY.ST","Có","Thời Trang Nữ","72","219000","1000","5","4.954394299287411","https://shopee.vn/product/425588274/44119653519"
"46","Váy chấm bi nữ 2 dây dáng xòe phối áo cardigan tay dài tiểu thư, đầm nữ cổ vuông nơ ngực sang chảnh","Petit  Fashion","","Thời Trang Nữ","72","298970","105","3","4.461538461538462","https://shopee.vn/product/1493228611/57667967971"
"47","Áo Dán Ngực VISECRET BRA Nữ Áo Cài Trước Tạo Khe Mút Dày 6cm Tặng Kèm Dây Trong Chống Tụt--230559","Visecret Bra","","Thời Trang Nữ","70","79000","1000","8","4.867843217730351","https://shopee.vn/product/124817958/23387820857"
"48","Set áo lụa tay dài dáng suông và chân váy lụa ngắn phối ren cột eo basic chất liệu lụa Tô Châu cao cấp (Đủ size)","higurl.clothing","","Thời Trang Nữ","68","229000","150","6","5","https://shopee.vn/product/121711975/57617609976"
"49","THE QUẠO - Quần Jean Nữ Lưng Cực Thấp Ống Suông Loe Có Size Nhỏ N2701_730","THE QUẠO","Có","Thời Trang Nữ","68","238000","20000","2","4.919672131147541","https://shopee.vn/product/118292728/47355423451"
"50","NAVIE - Quần jeans cạp thấp ống suông thời trang nữ","NAVIE.VN","","Thời Trang Nữ","67","235000","22","5","5","https://shopee.vn/product/1228232595/56467794032"
"51","Set 3 món xanh ngọc áo 2 dây hoa nhí phối viền ren kèm chân váy body phối cardigan khoác ngoài TUMY Design HM-151","TuMy design","","Thời Trang Nữ","66","407000","59","7","4.714285714285714","https://shopee.vn/product/1785790244/54917495554"
"52","𝐃𝐢.𝐨 𝐓𝐨𝐩 | mir.byhi | Áo hai dây mảnh dáng corset viền ren","mir.byhi","","Thời Trang Nữ","66","337999","332","5","4.913082039911308","https://shopee.vn/product/85883352/28224844344"
"53","Áo Thun Phối Cổ Sơ Mi Dài Tay Dáng Ôm Phong Cách Công Sở Đơn Giản Thanh Lịch Tiểu Thư Hàn Quốc Cho Nữ Có Bigsize","H.N.T STUDIOS","","Thời Trang Nữ","66","230000","83","2","4.5","https://shopee.vn/product/833799561/43484390200"
"54","Áo Thun Nữ Tay Dài Ôm Body JUSTDUN T66 - Chất Len Tăm Lông Thỏ, Co Giãn 4 Chiều, Giữ Ấm Mềm Mịn","JUSTDUN","","Thời Trang Nữ","65","89499","383","6.1","4.851110501782287","https://shopee.vn/product/16848981/29362649505"
"55","QUÀ TRANH CÁT-Áo Dài Liên Thư Chất Lụa Gấm Hoa Màu Hồng Phấn Cao Cấp Đi Tiệc, Mặc Tết -  Áo Dài Truyền Thống Sang Trọng","Yuri Sports","","Thời Trang Nữ","64","500000","103","5","4.909090909090909","https://shopee.vn/product/773065705/53468108485"
"56","Set Đồ Bộ Trung Niên Thêu Hoa Sắc Nét, Quần Ống Siêu Rộng, Chất Vải Tơ Xước Mịn Màng Mát Mẻ Full size Tới 75kg","Đồ Bộ Trung Niên OTA","","Thời Trang Nữ","64","204000","271","8","4.952941176470588","https://shopee.vn/product/1275708897/45613518540"
"57","[Quà Tặng ] 1 Sticker [KHÔNG BÁN] Cho Áo Len Polo Ngắn Tay Chất Dệt Kim Mềm Mịn HT86 Áo Len Năng Động Phù Hợp Mặc 4 Mùa","K-ONNI","","Thời Trang Nữ","63","350000","894","10","4.915492957746479","https://shopee.vn/product/727625143/55268012276"
"58","[Seeyou studio] Áo thun dài tay cổ tròn cắt cổ tròn lấy cảm hứng từ Jennie & Quần nỉ thông thường cơ bản 6730 + 6731","seeyoustudio.vn","","Thời Trang Nữ","63","190431","252","5","5","https://shopee.vn/product/1852563510/45216586672"
"59","[Quà Tặng ] 1 Thucamon [KHÔNG Bán] Cho Áo Khoác Hoodie Zip Grind Nỉ Chân Cua Dày Dặn Cổ Cao Thêu Dạ Chất Nỉ Dày Ấm Không","K-ONNI","","Thời Trang Nữ","63","300000","923","10","4.857142857142857","https://shopee.vn/product/727625143/52568016619"
"60","(TẶNG CHUN) Áo dài voan tơ, áo dài tứ thân nhiều tầng áo dài cách tân màu xanh mint dịu dàng thanh lịch AD008","Khánh Huyền thời trang nữ","","Thời Trang Nữ","63","489000","14","7","5","https://shopee.vn/product/1831890222/52068293533"
"61","ERALIS - Quần Váy Ống Rộng Chất Tơ Phối Lụa Quần Loe Hack Dáng Đi Chơi Đi Biển Siu Hợp New Summer 2026 P02","Eralis.Studio","","Thời Trang Nữ","63","199000","159","7","4.7407407407407405","https://shopee.vn/product/716449231/40107585333"
"62","[Q01] Quần Lửng Jean Nữ Chun Co Giãn, Quần Short Ngố Lửng Dây Vàng Ống Rộng Có Dây Rút Cao Cấp Có Bigsize","Xưởng May Tiến Thảo","","Thời Trang Nữ","63","68801","713","9","4.8806275579809","https://shopee.vn/product/1224979954/40403587093"
"63","Miếng Dán Ti Nâng Ngực Cài Trước Dính Siêu Chắc Silicone Tái Sử Dụng Nhiều Lần Cao Cấp Braza - 4959","BRAZA","Có","Thời Trang Nữ","62","185000","509","10","4.874125874125874","https://shopee.vn/product/296552937/26364079175"
"64","AYSERKRIS | QUẦN NỈ THÊU LOGO","AYSERKRIS","","Thời Trang Nữ","61","329000","117","10","4.9174528301886795","https://shopee.vn/product/430013232/25770603761"
"65","Set Áo Lụa Cổ Tròn Dáng Suông Và Chân Váy Lụa Ngắn Phối Ren Basic Sang Trọng - Ciciclothing [M77]","CiCi-Clothing","","Thời Trang Nữ","61","350000","109","10","4.867647058823529","https://shopee.vn/product/1548864478/43780769000"
"66","MYUN - Quần Jean Nữ Lưng Cao Ống suông Rộng 24CM Phối Túi Xanh Đậm Nhạt JRR009","MYUN Jeans","","Thời Trang Nữ","60","247020","936","5","4.916299559471366","https://shopee.vn/product/300340430/47454180358"
"67","Calem.Club - Quần Jeans ống suông TWINKLE JEANS đính đá form unisex kiểu dáng trendy","CALEM.CLUB","Có","Thời Trang Nữ","60","270000","280","5","4.906040268456376","https://shopee.vn/product/10909571/42731306912"
"68","HL48-Set Đồ Nữ Cao Cấp, Áo 2 Lớp Tôn Dáng + Quần Ống Suông Rộng Cực Xinh,Phong Cách Tối Giản Sang Chảnh","HerlaFashion","","Thời Trang Nữ","60","189000","254","10","4.6482758620689655","https://shopee.vn/product/1236613611/55212183240"
"69","Quần Short Jean Lửng khóa Nữ Ống Rộng Cạp Cao Form Rộng Cá Tính, Quần Jean Short Lửng Qua Gối Unisex Cả Nam Nữ - Q04","Xưởng May Trangg Monn","","Thời Trang Nữ","60","130000","10000","7","4.710467706013363","https://shopee.vn/product/258767156/56961520597"
"70","Calem.Club - Quần giả váy Urban Chic Mini Skort dáng ngắn cạp trễ chất jean dày dặn form chữ A tôn dáng","CALEM.CLUB","Có","Thời Trang Nữ","59","165000","3000","5","4.924876847290641","https://shopee.vn/product/10909571/42562724255"
"71","Bộ ngủ babydoll tole tay bèo lanh dáng ngắn nữ thoáng mát. Set bộ mặc nhà tole hoạ tiết dễ thương The Lalinn","thelalinn","","Thời Trang Nữ","59","129350","95","2","5","https://shopee.vn/product/148607045/50367888051"
"72","Quần Kaki Nữ trơn Cạp Cao Jean Trắng ống rộng dáng suông đứng MIAA chất Kaki Bò Dáng dài Lưng Cao","Tdshopnt","Có","Thời Trang Nữ","58","155000","2000","11","4.833356433356434","https://shopee.vn/product/66495466/11772845399"
"73","[SẢN PHẨM MỚI] Áo Khoác Hoodie Zip Boxy Vải Nỉ Chân Cua Unisex Rộng Nam Nữ|ORISK.N (Có túi trong)","Orisk.N","","Thời Trang Nữ","58","305000","492","10","4.87292817679558","https://shopee.vn/product/1827124978/49811744591"
"74","Áo Sơ Mi Đũi Nữ ( MẪU MỚI ), Áo Sơ Mi Kẻ Nữ Dáng Rộng (CHẤT ĐẸP) Kẻ Xanh Cúc Trai Chất Đũi 233 ---","Sangheevn","","Thời Trang Nữ","58","168000","557","5","4.832258064516129","https://shopee.vn/product/982991650/56606690448"
"75","[26809] Áo Khoác Mangto Nữ Dáng Dài Cổ Bẻ Dày Dặn 2 Lớp Sang Chảnh Đi Chơi Đi Làm Trendy Cheeryfree","CHEERYFREE","","Thời Trang Nữ","58","705838","722","10","4.899280575539568","https://shopee.vn/product/1554175964/43218667722"
"76","KARI TOP - Áo Sơ Mi DEROSE Kiểu Nhún Toàn Thân Áo Cột Một Dây Eo Vải Gió Áo Kiểu Nữ Áo Sơ Mi Nữ","DEROSE SAIGON","","Thời Trang Nữ","57","217490","311","2","5","https://shopee.vn/product/9126459/53166907089"
"77","ZHELIHANGFEI Cổ Cao Slim Fit Đáy Dệt Kim Nữ Mùa Xuân Mới Màu Trơn Tay Ngắn Crop Tops","ZHELIHANGFEI Global Store","Có","Thời Trang Nữ","57","140741","52","6","4.793103448275862","https://shopee.vn/product/744827142/27762762746"
"78","ANCHI - Áo Dài Cách Tân MINH CHÂU, Thiết Kế Dáng Suông Chiết Ly Sau Tôn Dáng, Chất Vải Lụa Tằm Mát","aodaianchi.vn","","Thời Trang Nữ","57","379000","17","8","5","https://shopee.vn/product/694694152/46918361175"
"79","[M32-CÓ FORM NẤM] Quần Nỉ Baggy Thụng Ống Rộng Unisex Form Suông Cạp Chun Dây Rút Nam Nữ Hot Trend","Xưởng May Hạnh Ngân","","Thời Trang Nữ","57","139999","72","5","4.666666666666667","https://shopee.vn/product/699735255/46866957421"
"80","Chân Váy Xẻ Tà 2 Lớp Cạp Cao Che Bụng, Quần Giả Váy Có Lớp Quần Trong Và Tà Ngoài MiSoul 575","Misoul - Style Korean","","Thời Trang Nữ","57","179000","953","5","4.906976744186046","https://shopee.vn/product/767416282/42831029769"
"81","🎀[Không đặt hàng] Miễn phí vận chuyển | Miễn phí vận chuyển không có ở vùng xa","BOOM-VN","","Thời Trang Nữ","56","319998","144","8","4.64","https://shopee.vn/product/1774395842/51668049658"
"82","Áo Lót Nữ Su Gân Lạnh Định Hình Nâng Ngực CHUNXUU Đệm 2CM Không Gọng Bản To Che Khuyết Điểm - AV120","Chunxuu Official Store","Có","Thời Trang Nữ","56","139000","739","10","4.6761904761904765","https://shopee.vn/product/461493581/55908488942"
"83","Calem.Club - Quần jean cạp trễ LOWEY DENIM form ống suông tôn dáng phong cách Y2K cá tính","CALEM.CLUB","Có","Thời Trang Nữ","55","161500","3000","5","4.893681652490887","https://shopee.vn/product/10909571/55411233344"
"84","Đồ ngủ nữ Áo cổ V áo ngắn quần dài Bộ đồ ngủ Pijama Thời trang thoải mái Ngọt ngào dễ thương 101","YOOKIE668","","Thời Trang Nữ","54","136666","8000","5","4.877551020408164","https://shopee.vn/product/1551203234/47803044268"
"85","[Mẫu Mới 2026] Larosa Áo Bra Cho Bé Ti Không Gọng Áo Chống Chảy Xệ Chất Liệu Su Non Mềm Mát - LA012A","Larosa - Bầu Cũng Phải Xinh","Có","Thời Trang Nữ","54","86868","790","8","4.842495243816962","https://shopee.vn/product/872952747/19551493877"
"86","Áo Len WHO.A.U Steve Cable V-neck Pullover_WHKAGB922F","WHO.A.U Việt Nam","Có","Thời Trang Nữ","54","1043100","246","2","4.903225806451613","https://shopee.vn/product/1334586912/51115450629"
"87","Calem.Club - Áo thun tay lửng Lily Henley Top cúc bấm, thêu que kem, chất liệu thun xược form ôm nữ tính phong cách","CALEM.CLUB","Có","Thời Trang Nữ","53","150001","170","5","5","https://shopee.vn/product/10909571/44034443381"
"88","ĐẦM VANILLA THUN POLY PHỐI REN TÔN DÁNG FFCLUB","FFStore","","Thời Trang Nữ","53","200999","487","5","4.944444444444445","https://shopee.vn/product/195271254/54866056501"
"89","Chân váy hạ ly eo dài 90cm,  3 màu, phong cách thanh lịch, sang chảnh, hàng thiết kế Dens clothing CV0009","Dens.clothingg","","Thời Trang Nữ","53","414170","449","8","4.9079531691562375","https://shopee.vn/product/1010701610/21289409324"
"90","Áo Hai Dây Tơ 2 Lớp Chấm Bi Dáng Xòe Babydoll Giấu Bụng – Áo Cami Nữ Đi Chơi Đi Cafe Du Lịch Tiểu Thư Nàng Thơ","KIEUNHI - THỜI TRANG NỮ GIÁ SỈ","","Thời Trang Nữ","52","153000","176","2","4.769230769230769","https://shopee.vn/product/163953361/25548500841"
"91","Đầm Moking Bèo Vai Chấm Bi Voan Tơ Bo Chun Ôm Body – Váy Trễ Vai Bẹt Nữ Đi Chơi Cafe Du Lịch Tôn Dáng","KIEUNHI - THỜI TRANG NỮ GIÁ SỈ","","Thời Trang Nữ","52","207000","175","2","4.769230769230769","https://shopee.vn/product/163953361/46568029148"
"92","[HÀNG QC/ LOẠI 1] SET ÁO REN MỎNG VÂN HOA MIX ÁO HAI DÂY NHUNG PHỐI REN 2MONDAY S90","2monday cloth","","Thời Trang Nữ","52","169000","12","2","5","https://shopee.vn/product/114771968/52867967309"
"93","Áo Bra Lucia Croptop Không Mút Lót Lụa Timin Workshop","Timin.workshop","","Thời Trang Nữ","52","175000","170","5","4.878787878787879","https://shopee.vn/product/14867906/49561661124"
"94","[Quà Tặng] 1 hotrokhachhang [KHÔNG BÁN] cho Áo Len Dệt Kim Nữ Cổ Polo Tay Ngắn Thanh Lịch LN75 Áo Len Mềm Co Giãn","thoitrang.lapstore","","Thời Trang Nữ","51","350000","630","8","4.928571428571429","https://shopee.vn/product/727267420/46317959063"
"95","Áo Lót Bra Nữ S.L.B Labee Bra Chất Su Không Gọng Mút Giọt Nước Nâng 3,5CM Thoáng Khí Không Lộ Viền -LB015A","labeebra","Có","Thời Trang Nữ","51","93000","30000","15","4.8354430379746836","https://shopee.vn/product/1821917756/51660956249"
"96","[AGUJA x WynAnh] Váy nữ dáng suông Iris Dress tay ngắn có túi bên hông thiết kế Aguja","AGUJA","","Thời Trang Nữ","51","525000","11","3","5","https://shopee.vn/product/701699084/45068099807"
"97","[ DEAL MỞ BÁN ] Áo Thun Nữ Tay Dài Phối Viền Cổ Vuông 5 Cúc Ôm Body Co Giãn PM03Nhún Eo Áo Basic Dáng Gọn Tôn Dáng","33DEBUT","","Thời Trang Nữ","51","98000","62","4","5","https://shopee.vn/product/1886328186/56417458242"
"98","[CÓ MÀU MỚI] Áo Thun Basic Chiết Eo Vải Thun Cao Cấp Augety Studio, BARE SKIN TOP","AUGETY.ST","Có","Thời Trang Nữ","51","239000","2000","5","4.954168967421314","https://shopee.vn/product/425588274/45104510897"
"99","Set bộ nữ áo 2 dây lụa tơ mềm cao cấp đính ren phối chân váy sang chảnh, tiểu thư","MOCHI TREND","","Thời Trang Nữ","51","279000","76","7","4.833333333333333","https://shopee.vn/product/800694059/24848496815"
"100","Quần dài ống rộng lưng thun KVYBODY Q2 chất thun borip lụa mềm mịn dày dặn co giãn thích hợp mặc ở nhà đi chơi đi tiệc","KVY BODY","","Thời Trang Nữ","50","140250","10000","9","4.858974358974359","https://shopee.vn/product/28368882/40505471195"