date,revenue,orders,marketing_cost,new_customers,returning_customers,cost_of_goods_sold,platform_fees,discounts,refunds,operating_expenses,sessions,conversions,channel,product
2023-01-01,91000000,165,13500000,115,50,41000000,9100000,4550000,1365000,8000000,5500,165,Shopee,Ao thun
2023-02-01,77000000,128,11000000,90,38,34000000,7700000,3850000,1155000,8000000,4200,128,Lazada,Quan jeans
2023-03-01,49000000,82,7500000,58,24,22000000,4900000,2450000,735000,8000000,2700,82,TikTok Shop,My pham
2023-04-01,52000000,86,8000000,61,25,23000000,5200000,2600000,780000,8000000,2900,86,Shopee,Ao thun
2023-05-01,56000000,93,9000000,66,27,25000000,5600000,2800000,840000,8000000,3100,93,Lazada,Quan jeans
2023-06-01,73500000,122,11000000,87,35,33000000,7350000,3675000,1102500,8000000,4100,122,TikTok Shop,My pham
2023-07-01,54600000,91,8500000,65,26,24000000,5460000,2730000,819000,8000000,3000,91,Shopee,Ao thun
2023-08-01,57400000,95,9000000,68,27,25000000,5740000,2870000,861000,8000000,3200,95,Lazada,Quan jeans
2023-09-01,66500000,111,10000000,79,32,30000000,6650000,3325000,997500,8000000,3700,111,TikTok Shop,My pham
2023-10-01,77000000,128,12000000,92,36,34000000,7700000,3850000,1155000,8000000,4300,128,Shopee,Ao thun
2023-11-01,112000000,186,18000000,134,52,50000000,11200000,5600000,1680000,8000000,6200,186,Lazada,Quan jeans
2023-12-01,98000000,163,15000000,117,46,44000000,9800000,4900000,1470000,8000000,5400,163,TikTok Shop,My pham
2024-01-01,113750000,190,17000000,136,54,51000000,11375000,5687500,1706250,9000000,6300,190,Shopee,Ao thun
2024-02-01,96250000,160,14500000,115,45,43000000,9625000,4812500,1443750,9000000,5300,160,Lazada,Quan jeans
2024-03-01,61250000,102,9500000,73,29,27000000,6125000,3062500,918750,9000000,3400,102,TikTok Shop,My pham
2024-04-01,65625000,109,10000000,78,31,29000000,6562500,3281250,984375,9000000,3600,109,Shopee,Ao thun
2024-05-01,70000000,116,11000000,83,33,31000000,7000000,3500000,1050000,9000000,3900,116,Lazada,Quan jeans
2024-06-01,91875000,153,14000000,110,43,41000000,9187500,4593750,1378125,9000000,5100,153,TikTok Shop,My pham
2024-07-01,68250000,113,10500000,81,32,30000000,6825000,3412500,1023750,9000000,3800,113,Shopee,Ao thun
2024-08-01,71750000,119,11000000,85,34,32000000,7175000,3587500,1076250,9000000,4000,119,Lazada,Quan jeans
2024-09-01,83125000,138,13000000,99,39,37000000,8312500,4156250,1246875,9000000,4600,138,TikTok Shop,My pham
2024-10-01,96250000,160,15000000,115,45,43000000,9625000,4812500,1443750,9000000,5300,160,Shopee,Ao thun
2024-11-01,140000000,233,22000000,167,66,63000000,14000000,7000000,2100000,9000000,7800,233,Lazada,Quan jeans
2024-12-01,122500000,204,19000000,146,58,55000000,12250000,6125000,1837500,9000000,6800,204,TikTok Shop,My pham
2025-01-01,142187500,237,22000000,170,67,64000000,14218750,7109375,2132812,10000000,7900,237,Shopee,Ao thun
2025-02-01,120312500,200,18500000,144,56,54000000,12031250,6015625,1804687,10000000,6700,200,Lazada,Quan jeans
2025-03-01,76562500,127,12000000,91,36,34000000,7656250,3828125,1148437,10000000,4200,127,TikTok Shop,My pham
2025-04-01,82031250,136,13000000,98,38,37000000,8203125,4101562,1230468,10000000,4500,136,Shopee,Ao thun
2025-05-01,87500000,145,14000000,104,41,39000000,8750000,4375000,1312500,10000000,4800,145,Lazada,Quan jeans
2025-06-01,114843750,191,28000000,137,54,51000000,11484375,5742187,1722656,10000000,15900,191,TikTok Shop,My pham
2025-07-01,85312500,142,13500000,102,40,38000000,8531250,4265625,1279687,10000000,4700,142,Shopee,Ao thun
2025-08-01,89687500,149,14000000,107,42,40000000,8968750,4484375,1345312,10000000,5000,149,Lazada,Quan jeans
2025-09-01,103906250,173,16500000,124,49,46000000,10390625,5195312,1558593,10000000,5800,173,TikTok Shop,My pham
2025-10-01,120312500,200,19000000,144,56,54000000,12031250,6015625,1804687,10000000,6700,200,Shopee,Ao thun
2025-11-01,175000000,291,28000000,209,82,78000000,17500000,8750000,2625000,10000000,9700,291,Lazada,Quan jeans
2025-12-01,153125000,255,24500000,183,72,68000000,15312500,7656250,2296875,10000000,8500,255,TikTok Shop,My pham
